{"address":"RUA DR MELLO - 563 - SANTA CRUZ DAS PALMEIRAS","details":{"result":{"name":"Av. XV de Novembro, 914-1068","formatted_address":"Av. XV de Novembro, 914-1068 - Centro, Santa Cruz das Palmeiras - SP, 13650-000, Brazil","international_phone_number":"","website":""},"status":"OK"},"place_id":"ChIJiUX6RKbjt5QRnlyNcekRLn4"}
{"address":"RUA ARY BERNARDES DA SILVA - 301 - RIBEIRAO PRETO","details":{"result":{"name":"R. Ary Bernardes da Silva, 491-273","formatted_address":"R. Ary Bernardes da Silva, 491-273 - Quintino Facci II, Ribeirão Preto - SP, 14070-180, Brazil","international_phone_number":"","website":""},"status":"OK"},"place_id":"ChIJK05opW-VuZQRT1IQx5_QkBg"}
{"address":"AVENIDA SANTOS DUMONT - 374 - SAO JOSE DO RIO PARDO","details":{"result":{"name":"Avenida Santos Dumont","formatted_address":"Av. Santos Dumont - Jardim Aeroporto, São José do Rio Pardo - SP, 13720-000, Brazil","international_phone_number":"","website":""},"status":"OK"},"place_id":"ChIJ47Q1TfbNt5QRwxTZCoKS6iU"}
{"address":"RUA CORONEL LUIZ VENANCIO MARTINS - 577 - SERRA AZUL","details":{"result":{"name":"R. Cel. Luís Venâncio Martins, 552-672","formatted_address":"R. Cel. Luís Venâncio Martins, 552-672, Serra Azul - SP, 14230-000, Brazil","international_phone_number":"","website":""},"status":"OK"},"place_id":"ChIJ6eECj7TTuZQR_fVj77Lxv3A"}
{"address":"RUA DUQUE DE CAXIAS - 1041 - SANTA RITA DO PASSA QUATRO","details":{"result":{"name":"R. Visc. do Rio Branco, 1167-1061","formatted_address":"R. Visc. do Rio Branco, 1167-1061 - Jardim 22 de Maio, Santa Rita do Passa Quatro - SP, 13670-000, Brazil","international_phone_number":"","website":""},"status":"OK"},"place_id":"ChIJ_7dwqW4euJQRz55yurNH9mM"}
{"address":"RUA JOSE PEREIRA - 531 - ITAPIRA","details":{"result":{"name":"R. José Pereira, 619-507","formatted_address":"R. José Pereira, 619-507 - Vila Bazani, Itapira - SP, 13970-430, Brazil","international_phone_number":"","website":""},"status":"OK"},"place_id":"ChIJGaTL9woCyZQRte4d3OXCk50"}
{"address":"RUA CORONEL JOSE PEREIRA LIMA - 905 - MOCOCA","details":{"result":{"name":"R. Cel. José Pereira Lima, 985-907","formatted_address":"R. Cel. José Pereira Lima, 985-907 - Centro, Mococa - SP, 13730-220, Brazil","international_phone_number":"","website":""},"status":"OK"},"place_id":"ChIJwTGedE24t5QRoWg7iB2HO4A"}
{"address":"RUA JOSE BONIFACIO - 636 - SANTA RITA DO PASSA QUATRO","details":{"result":{"name":"R. José Bonifácio, 665-555","formatted_address":"R. José Bonifácio, 665-555 - Centro, Santa Rita do Passa Quatro - SP, 13670-000, Brazil","international_phone_number":"","website":""},"status":"OK"},"place_id":"ChIJ5QIcn2geuJQRP2znHLu3GuE"}
{"address":"AVENIDA HERACLITO FONTOURA SOBRAL PINTO - 1175 - RIBEIRAO PRETO","details":{"result":{"name":"Ribeirao Preto","formatted_address":"Ribeirao Preto - Ribeirão Preto, State of São Paulo, Brazil","international_phone_number":"","website":"http://www.ribeiraopreto.sp.gov.br/"},"status":"OK"},"place_id":"ChIJHcKsaB2_uZQROerevgruuDc"}
{"address":"RUA EDESIO TODERO - 1024 - SAO JOAO DA BOA VISTA","details":{"result":{"name":"R. Edésio Tódero, 654-844","formatted_address":"R. Edésio Tódero, 654-844 - Jardim das Tulipas, São João da Boa Vista - SP, 13876-880, Brazil","international_phone_number":"","website":""},"status":"OK"},"place_id":"ChIJD4OeSVvKyZQRI7nHHD-fFww"}
{"address":"AVENIDA DOS SAPATEIROS - 1800 - FRANCA","details":{"result":{"name":"Av. dos Sapateiros, 1696-1930","formatted_address":"Av. dos Sapateiros, 1696-1930 - Núcleo Agricola Alpha, Franca - SP, 14403-183, Brazil","international_phone_number":"","website":""},"status":"OK"},"place_id":"ChIJf1qXu4yosJQR5CNg_UVtno8"}
{"address":"AVENIDA BRUNO RUGGIERO FILHO - 1144 - SAO CARLOS","details":{"result":{"name":"Avenida Bruno Ruggiero Filho","formatted_address":"Av. Bruno Ruggiero Filho - Parque Santa Felicia Jardim, São Carlos - SP, 13562-420, Brazil","international_phone_number":"","website":""},"status":"OK"},"place_id":"ChIJh1biDqdwuJQRkaNcfkM5PoA"}
